City_ID,City,Country,Lat,Lng,Max Temp,Humidity,Cloudiness,Wind Speed,Current Condition,Date
0,Tuktoyaktuk,CA,69.4541,-133.0374,23.0,93,90,9.22,overcast clouds,2021-10-30 14:55:57
1,Ahuimanu,US,21.4447,-157.8378,72.46,81,2,2.55,clear sky,2021-10-30 14:55:57
2,Dikson,RU,73.5069,80.5464,8.65,90,100,16.62,overcast clouds,2021-10-30 14:55:58
3,Atuona,PF,-9.8,-139.0333,77.36,69,18,15.93,few clouds,2021-10-30 14:55:58
4,East London,ZA,-33.0153,27.9116,67.14,72,20,20.71,few clouds,2021-10-30 14:55:59
5,Kaitangata,NZ,-46.2817,169.8464,51.15,82,85,5.01,overcast clouds,2021-10-30 14:55:59
6,Rikitea,PF,-23.1203,-134.9692,74.84,83,78,21.23,broken clouds,2021-10-30 14:55:59
7,Mahebourg,MU,-20.4081,57.7,76.24,78,40,6.91,scattered clouds,2021-10-30 14:56:00
8,Okhotsk,RU,59.3833,143.3,13.21,70,2,18.84,clear sky,2021-10-30 14:56:00
9,San Cristobal,VE,7.7669,-72.225,77.18,76,100,3.6,overcast clouds,2021-10-30 14:56:00
10,Bethel,US,41.3712,-73.414,61.5,97,93,3.0,light rain,2021-10-30 14:56:01
11,Matara,LK,5.9485,80.5353,77.74,91,99,5.93,overcast clouds,2021-10-30 14:56:02
12,Ushuaia,AR,-54.8,-68.3,46.06,53,0,19.57,clear sky,2021-10-30 14:51:24
13,Busselton,AU,-33.65,115.3333,51.04,90,57,7.76,broken clouds,2021-10-30 14:56:03
14,Ossora,RU,59.2353,163.0719,16.56,91,58,4.54,broken clouds,2021-10-30 14:56:03
15,Eureka,US,40.8021,-124.1637,58.62,95,93,3.85,overcast clouds,2021-10-30 14:56:03
16,Kuloy,RU,61.0305,42.4925,44.69,88,100,6.53,overcast clouds,2021-10-30 14:56:04
17,Hermanus,ZA,-34.4187,19.2345,75.79,70,31,12.44,scattered clouds,2021-10-30 14:56:04
18,Paciran,ID,-6.8767,112.3761,82.74,75,100,4.18,moderate rain,2021-10-30 14:56:05
19,Port Alfred,ZA,-33.5906,26.891,68.7,74,0,18.28,clear sky,2021-10-30 14:56:05
20,Hobart,AU,-42.8794,147.3294,51.26,66,75,5.01,broken clouds,2021-10-30 14:56:05
21,Narsaq,GL,60.9167,-46.05,30.38,68,73,4.25,broken clouds,2021-10-30 14:56:06
22,Saint George,US,37.1041,-113.5841,60.53,40,5,3.8,clear sky,2021-10-30 14:56:06
23,Puerto Ayora,EC,-0.7393,-90.3518,71.56,82,85,8.72,overcast clouds,2021-10-30 14:56:06
24,Khatanga,RU,71.9667,102.5,2.95,95,100,1.95,overcast clouds,2021-10-30 14:56:07
25,Bilma,NE,18.6853,12.9164,96.31,11,14,9.84,few clouds,2021-10-30 14:56:07
26,Mataura,NZ,-46.1927,168.8643,51.33,56,14,6.29,few clouds,2021-10-30 14:54:48
27,Healdsburg,US,38.6105,-122.8692,59.31,87,90,1.01,mist,2021-10-30 14:56:08
28,Kavieng,PG,-2.5744,150.7967,83.39,75,75,12.35,broken clouds,2021-10-30 14:56:08
29,Karratha,AU,-20.7377,116.8463,73.99,62,0,11.43,clear sky,2021-10-30 14:56:08
30,Cascais,PT,38.6979,-9.4215,69.51,88,75,3.0,mist,2021-10-30 14:56:09
31,Castro,BR,-24.7911,-50.0119,73.36,63,46,8.25,scattered clouds,2021-10-30 14:55:50
32,Newport,GB,51.5877,-2.9984,57.2,84,39,15.03,scattered clouds,2021-10-30 14:56:09
33,Nikolskoye,RU,59.7035,30.7861,47.88,90,70,6.51,broken clouds,2021-10-30 14:56:10
34,Clyde River,CA,70.4692,-68.5914,30.43,100,90,14.97,snow,2021-10-30 14:56:10
35,Vaini,TO,-21.2,-175.2,71.76,94,20,4.61,few clouds,2021-10-30 14:56:11
36,Kapaa,US,22.0752,-159.319,74.28,82,19,0.74,few clouds,2021-10-30 14:56:11
37,Vila Franca Do Campo,PT,37.7167,-25.4333,76.19,89,88,16.91,overcast clouds,2021-10-30 14:56:11
38,Geraldton,AU,-28.7667,114.6,63.01,72,0,11.5,clear sky,2021-10-30 14:56:12
39,Acapulco,MX,16.8634,-99.8901,80.92,75,2,1.39,clear sky,2021-10-30 14:55:05
40,Hualmay,PE,-11.0964,-77.6139,66.33,77,56,6.51,broken clouds,2021-10-30 14:56:12
41,Ponta Do Sol,PT,32.6667,-17.1,79.0,74,93,9.75,overcast clouds,2021-10-30 14:56:12
42,Aklavik,CA,68.2191,-135.0107,17.6,93,90,8.05,fog,2021-10-30 14:56:13
43,Albany,US,42.6001,-73.9662,54.95,93,100,7.14,overcast clouds,2021-10-30 14:55:12
44,Snyder,US,32.7179,-100.9176,62.74,53,1,4.61,clear sky,2021-10-30 14:56:13
45,Bredasdorp,ZA,-34.5322,20.0403,75.27,60,28,10.36,scattered clouds,2021-10-30 14:56:14
46,New Norfolk,AU,-42.7826,147.0587,50.92,60,79,3.0,light rain,2021-10-30 14:56:14
47,Hasaki,JP,35.7333,140.8333,55.8,57,51,8.1,broken clouds,2021-10-30 14:56:14
48,Jinchang,CN,38.4953,102.1739,43.84,37,7,2.06,clear sky,2021-10-30 14:56:15
49,Okha,RU,53.5739,142.9478,30.16,61,88,16.44,overcast clouds,2021-10-30 14:56:15
50,Jamestown,US,42.097,-79.2353,50.29,100,90,1.99,overcast clouds,2021-10-30 14:56:15
51,Souillac,MU,-20.5167,57.5167,76.35,78,40,6.91,scattered clouds,2021-10-30 14:56:16
52,Punta Arenas,CL,-53.15,-70.9167,50.11,43,0,19.57,clear sky,2021-10-30 14:56:16
53,Sao Jose Da Coroa Grande,BR,-8.8978,-35.1478,82.58,57,9,8.59,clear sky,2021-10-30 14:52:12
54,Butaritari,KI,3.0707,172.7902,81.64,77,92,7.54,light rain,2021-10-30 14:56:17
55,Cape Town,ZA,-33.9258,18.4232,72.88,52,0,5.01,clear sky,2021-10-30 14:55:20
56,Baljevac,BA,44.8206,15.7799,56.97,65,0,2.48,clear sky,2021-10-30 14:56:17
57,Sao Filipe,CV,14.8961,-24.4956,80.38,73,95,11.48,overcast clouds,2021-10-30 14:56:18
58,Port Elizabeth,ZA,-33.918,25.5701,71.1,68,20,18.41,few clouds,2021-10-30 14:56:18
59,Hilo,US,19.7297,-155.09,81.28,82,1,1.86,clear sky,2021-10-30 14:56:18
60,Bilibino,RU,68.0546,166.4372,-8.93,98,100,1.34,overcast clouds,2021-10-30 14:56:19
61,Grindavik,IS,63.8424,-22.4338,46.35,76,20,6.91,few clouds,2021-10-30 14:56:19
62,Kiunga,PG,-6.1219,141.2906,73.4,99,90,0.63,overcast clouds,2021-10-30 14:56:20
63,Thinadhoo,MV,0.5333,72.9333,84.04,73,76,13.71,broken clouds,2021-10-30 14:56:20
64,Lorengau,PG,-2.0226,147.2712,82.4,78,100,6.26,overcast clouds,2021-10-30 14:56:21
65,Sioux Lookout,CA,50.1001,-91.917,46.47,71,75,10.36,broken clouds,2021-10-30 14:56:21
66,Kenai,US,60.5544,-151.2583,40.03,89,100,14.38,light rain,2021-10-30 14:56:21
67,Saldanha,ZA,-33.0117,17.9442,75.25,75,95,15.66,overcast clouds,2021-10-30 14:56:22
68,Wloclawek,PL,52.6482,19.0678,59.41,44,6,13.27,clear sky,2021-10-30 14:56:22
69,Bluff,NZ,-46.6,168.3333,53.87,60,12,18.1,few clouds,2021-10-30 14:56:23
70,Lebu,CL,-37.6167,-73.65,54.81,68,84,20.58,broken clouds,2021-10-30 14:56:23
71,Namibe,AO,-15.1961,12.1522,72.41,69,69,10.25,broken clouds,2021-10-30 14:56:23
72,Anori,BR,-3.7728,-61.6442,94.55,45,73,2.75,broken clouds,2021-10-30 14:56:24
73,Sakaraha,MG,-22.9,44.5333,78.24,51,83,10.85,broken clouds,2021-10-30 14:56:24
74,San Andres,CO,12.5847,-81.7006,84.22,79,75,5.75,broken clouds,2021-10-30 14:56:24
75,Grand Gaube,MU,-20.0064,57.6608,76.37,75,4,8.7,clear sky,2021-10-30 14:56:25
76,Sitka,US,57.0531,-135.33,40.82,95,100,6.24,overcast clouds,2021-10-30 14:56:25
77,Reshetnikovo,RU,56.45,36.5667,50.79,84,59,9.75,broken clouds,2021-10-30 14:56:25
78,Lodhikheda,IN,21.5833,78.8333,68.72,55,97,5.73,overcast clouds,2021-10-30 14:56:26
79,Kamaishi,JP,39.2667,141.8833,52.39,79,91,6.13,overcast clouds,2021-10-30 14:56:26
80,Kodiak,US,57.79,-152.4072,47.71,87,90,25.32,moderate rain,2021-10-30 14:55:30
81,Tiksi,RU,71.6872,128.8694,-3.28,98,100,7.05,overcast clouds,2021-10-30 14:56:27
82,Jiangyou,CN,31.7667,104.7167,60.55,78,100,3.78,moderate rain,2021-10-30 14:56:28
83,Kahului,US,20.8947,-156.47,72.84,89,0,4.0,clear sky,2021-10-30 14:56:28
84,Cortez,US,37.3489,-108.5859,50.41,39,3,2.82,clear sky,2021-10-30 14:56:28
85,Leningradskiy,RU,69.3833,178.4167,-7.26,97,100,5.97,overcast clouds,2021-10-30 14:56:29
86,Mrakovo,RU,52.7161,56.6244,40.48,79,100,12.8,overcast clouds,2021-10-30 14:56:29
87,Te Anau,NZ,-45.4167,167.7167,46.67,91,67,7.18,broken clouds,2021-10-30 14:56:29
88,Kudahuvadhoo,MV,2.6708,72.8944,82.92,75,22,12.68,few clouds,2021-10-30 14:56:30
89,Georgetown,MY,5.4112,100.3354,77.9,94,40,1.01,scattered clouds,2021-10-30 14:56:30
90,Novyy Urengoy,RU,66.0833,76.6333,12.24,93,99,14.45,overcast clouds,2021-10-30 14:56:31
91,Sinnamary,GF,5.3833,-52.95,81.3,80,87,7.87,overcast clouds,2021-10-30 14:56:31
92,Rucheng,CN,32.3883,120.5553,62.98,75,0,3.85,clear sky,2021-10-30 14:56:31
93,Trairi,BR,-3.2778,-39.2689,87.15,55,46,11.83,scattered clouds,2021-10-30 14:53:21
94,Barrow,US,71.2906,-156.7887,8.01,92,100,5.66,overcast clouds,2021-10-30 14:56:32
95,Morondava,MG,-20.2833,44.2833,76.82,73,4,13.67,clear sky,2021-10-30 14:56:32
96,Pisco,PE,-13.7,-76.2167,64.02,88,90,4.61,mist,2021-10-30 14:53:16
97,Vangaindrano,MG,-23.35,47.6,70.79,75,57,6.64,broken clouds,2021-10-30 14:56:33
98,Vanimo,PG,-2.6741,141.3028,79.3,86,72,3.24,broken clouds,2021-10-30 14:56:33
99,Nemuro,JP,43.3236,145.575,47.86,74,9,10.58,clear sky,2021-10-30 14:56:34
100,Hithadhoo,MV,-0.6,73.0833,83.48,75,53,15.99,broken clouds,2021-10-30 14:56:34
101,Chapais,CA,49.7834,-74.8492,40.78,53,99,7.58,overcast clouds,2021-10-30 14:56:34
102,Houston,US,29.7633,-95.3633,61.95,54,1,1.99,clear sky,2021-10-30 14:55:31
103,Agirish,RU,61.9247,63.0231,17.98,99,93,2.39,overcast clouds,2021-10-30 14:56:35
104,Seoul,KR,37.5683,126.9778,53.04,90,0,2.3,clear sky,2021-10-30 14:55:34
105,Laguna,US,38.421,-121.4238,61.23,93,75,1.99,broken clouds,2021-10-30 14:56:35
106,Jalu,LY,29.0331,21.5482,80.35,28,4,10.38,clear sky,2021-10-30 14:56:36
107,Bengkulu,ID,-3.8004,102.2655,78.42,89,100,5.21,moderate rain,2021-10-30 14:56:36
108,Anderson,US,34.5334,-82.6499,56.64,87,75,1.01,broken clouds,2021-10-30 14:55:01
109,Thompson,CA,55.7435,-97.8558,28.56,93,75,4.61,broken clouds,2021-10-30 14:56:37
110,Bousso,TD,10.4795,16.7117,96.64,27,65,5.91,broken clouds,2021-10-30 14:56:37
111,Kutum,SD,14.2,24.6667,87.48,11,11,6.71,few clouds,2021-10-30 14:56:37
112,Lavrentiya,RU,65.5833,-171.0,9.95,78,51,5.73,broken clouds,2021-10-30 14:56:38
113,Rock Sound,BS,24.9,-76.2,80.98,78,85,22.88,moderate rain,2021-10-30 14:56:38
114,Saint-Philippe,RE,-21.3585,55.7679,74.79,81,62,6.04,broken clouds,2021-10-30 14:56:39
115,Saint-Francois,FR,46.4154,3.9054,66.47,86,90,3.44,overcast clouds,2021-10-30 14:56:39
116,Qaanaaq,GL,77.484,-69.3632,1.98,54,0,8.68,clear sky,2021-10-30 14:56:39
117,Kipushi,CD,-11.7667,27.2333,92.75,16,22,3.69,few clouds,2021-10-30 14:56:40
118,Fort Nelson,CA,58.8053,-122.7002,17.19,79,1,9.22,clear sky,2021-10-30 14:56:40
119,Hlukhiv,UA,51.6782,33.9162,46.98,69,5,6.8,clear sky,2021-10-30 14:56:40
120,Sukumo,JP,32.9333,132.7333,60.87,93,100,6.13,overcast clouds,2021-10-30 14:56:41
121,Half Moon Bay,US,37.4636,-122.4286,60.1,94,90,4.61,fog,2021-10-30 14:56:41
122,Faanui,PF,-16.4833,-151.75,77.83,72,7,17.65,light rain,2021-10-30 14:56:42
123,Borogontsy,RU,62.6683,131.1683,-4.81,100,85,2.57,overcast clouds,2021-10-30 14:56:42
124,San Francisco De Macoris,DO,19.2952,-70.2554,85.12,53,6,7.43,clear sky,2021-10-30 14:56:42
125,Husavik,IS,66.0449,-17.3389,39.11,97,100,9.06,overcast clouds,2021-10-30 14:56:43
126,Atambua,ID,-9.1061,124.8925,77.97,78,100,1.36,overcast clouds,2021-10-30 14:56:43
127,Axim,GH,4.8699,-2.2405,82.51,74,79,9.13,broken clouds,2021-10-30 14:56:43
128,Togur,RU,58.3631,82.8265,23.58,70,56,11.3,broken clouds,2021-10-30 14:56:44
129,Awjilah,LY,29.1081,21.2869,80.28,27,8,10.78,clear sky,2021-10-30 14:56:44
130,Olafsvik,IS,64.8945,-23.7142,42.94,85,48,16.35,scattered clouds,2021-10-30 14:56:45
131,Urengoy,RU,65.9667,78.3667,13.89,95,99,10.78,overcast clouds,2021-10-30 14:56:45
132,Casper,US,42.8666,-106.3131,43.72,78,75,4.0,broken clouds,2021-10-30 14:56:45
133,Nanortalik,GL,60.1432,-45.2371,35.11,72,60,4.68,broken clouds,2021-10-30 14:56:46
134,Khrebtovaya,RU,56.7032,104.2494,33.39,61,100,9.71,overcast clouds,2021-10-30 14:56:46
135,Lima,PE,-12.0432,-77.0282,64.13,31,90,1.99,overcast clouds,2021-10-30 14:55:28
136,Bagdarin,RU,54.4333,113.6,22.53,60,42,0.67,scattered clouds,2021-10-30 14:56:47
137,Tanete,ID,-3.9443,119.7848,76.3,94,100,2.89,overcast clouds,2021-10-30 14:56:47
138,Birao,CF,10.2849,22.7882,93.67,21,81,2.53,broken clouds,2021-10-30 14:56:47
139,Turayf,SA,31.6725,38.6637,75.45,35,75,11.5,broken clouds,2021-10-30 14:56:48
140,Katsuura,JP,35.1333,140.3,61.11,60,6,4.63,clear sky,2021-10-30 14:56:48
141,Isangel,VU,-19.55,169.2667,74.52,84,3,4.68,clear sky,2021-10-30 14:56:49
142,Cockburn Town,TC,21.4612,-71.1419,84.16,65,40,11.5,scattered clouds,2021-10-30 14:56:49
143,Verkhnevilyuysk,RU,63.4453,120.3167,13.6,88,84,6.8,broken clouds,2021-10-30 14:56:49
144,Fortuna,US,40.5982,-124.1573,58.35,76,90,0.0,overcast clouds,2021-10-30 14:56:50
145,Jobner,IN,26.9667,75.3833,74.62,27,0,5.66,clear sky,2021-10-30 14:56:50
146,Severo-Kurilsk,RU,50.6789,156.125,39.58,83,10,15.88,clear sky,2021-10-30 14:56:51
147,Chuy,UY,-33.6971,-53.4616,72.73,69,98,14.38,overcast clouds,2021-10-30 14:56:51
148,Ulverstone,AU,-41.15,146.1667,49.28,75,92,1.01,overcast clouds,2021-10-30 14:56:52
149,Klaksvik,FO,62.2266,-6.589,49.12,87,100,18.3,overcast clouds,2021-10-30 14:56:52
150,Caiaponia,BR,-16.9567,-51.8103,89.85,37,90,6.42,overcast clouds,2021-10-30 14:56:53
151,Iqaluit,CA,63.7506,-68.5145,40.73,65,75,10.0,light rain,2021-10-30 14:56:20
152,Constitucion,CL,-35.3333,-72.4167,64.71,58,100,12.21,overcast clouds,2021-10-30 14:56:53
153,Pafos,CY,34.7667,32.4167,74.98,53,40,4.61,scattered clouds,2021-10-30 14:56:53
154,Vila Velha,BR,-20.3297,-40.2925,73.35,88,75,3.44,broken clouds,2021-10-30 14:54:49
155,Andra,RU,62.5147,65.8878,12.6,94,46,2.13,scattered clouds,2021-10-30 14:56:54
156,Lompoc,US,34.6391,-120.4579,55.31,96,90,0.0,mist,2021-10-30 14:56:54
157,Ribeira Grande,PT,38.5167,-28.7,72.0,88,75,27.63,broken clouds,2021-10-30 14:56:55
158,Caconda,AO,-13.7333,15.0667,76.6,46,93,8.72,overcast clouds,2021-10-30 14:56:55
159,Sorong,ID,-0.8833,131.25,79.83,82,89,4.29,light rain,2021-10-30 14:56:55
160,Shahpur,IN,16.7,76.8333,81.52,59,100,8.16,overcast clouds,2021-10-30 14:56:56
161,Puerto Escondido,MX,15.85,-97.0667,80.94,76,100,5.79,overcast clouds,2021-10-30 14:56:56
162,Iracoubo,GF,5.4802,-53.2011,81.43,82,70,7.74,broken clouds,2021-10-30 14:56:56
163,Cabedelo,BR,-6.9811,-34.8339,72.27,62,33,13.62,scattered clouds,2021-10-30 14:56:57
164,Marawi,PH,7.9986,124.2928,66.65,94,68,1.34,broken clouds,2021-10-30 14:56:57
165,Torbay,CA,47.6666,-52.7314,51.28,60,20,9.22,few clouds,2021-10-30 14:55:53
166,Boksburg,ZA,-26.212,28.2596,78.91,40,0,4.0,clear sky,2021-10-30 14:55:41
167,Cayenne,GF,4.9333,-52.3333,86.09,75,90,4.0,overcast clouds,2021-10-30 14:56:58
168,Pauini,BR,-7.7136,-66.9764,97.77,36,63,2.06,broken clouds,2021-10-30 14:56:58
169,Tasiilaq,GL,65.6145,-37.6368,17.91,65,18,7.02,few clouds,2021-10-30 14:56:59
170,Carnarvon,AU,-24.8667,113.6333,69.87,60,0,20.71,clear sky,2021-10-30 14:56:59
171,Kirakira,SB,-10.4544,161.9205,81.21,79,99,11.23,overcast clouds,2021-10-30 14:56:59
172,Ambulu,ID,-8.345,113.6058,77.27,91,83,2.1,broken clouds,2021-10-30 14:57:00
173,Provideniya,RU,64.3833,-173.3,13.78,84,98,11.54,overcast clouds,2021-10-30 14:57:00
174,Port Lincoln,AU,-34.7333,135.8667,52.27,69,5,8.1,clear sky,2021-10-30 14:57:01
175,Agar,IN,23.7,76.0167,67.6,46,8,5.66,clear sky,2021-10-30 14:57:01
176,Upernavik,GL,72.7868,-56.1549,23.52,57,100,6.85,overcast clouds,2021-10-30 14:57:02
177,Cabo San Lucas,MX,22.8909,-109.9124,78.51,76,26,5.86,scattered clouds,2021-10-30 14:57:02
178,Bongandanga,CD,1.5,21.05,78.31,81,100,2.84,light rain,2021-10-30 14:57:03
179,Bambous Virieux,MU,-20.3428,57.7575,76.21,78,40,6.91,scattered clouds,2021-10-30 14:57:03
180,Jian,CN,27.1172,114.9793,63.72,67,0,0.87,light rain,2021-10-30 14:57:03
181,Mar Del Plata,AR,-38.0023,-57.5575,77.02,69,0,10.36,clear sky,2021-10-30 14:54:02
182,San Patricio,US,28.017,-97.5169,68.02,24,0,4.94,clear sky,2021-10-30 14:57:04
183,Waddan,LY,29.1614,16.139,79.59,24,28,14.32,scattered clouds,2021-10-30 14:57:04
184,Betioky,MG,-23.7167,44.3833,78.21,40,100,13.06,overcast clouds,2021-10-30 14:57:05
185,Zalantun,CN,48.0,122.7167,28.89,43,77,9.13,broken clouds,2021-10-30 14:57:05
186,Shaowu,CN,27.3409,117.4831,62.6,82,55,1.77,light rain,2021-10-30 14:57:05
187,Luwuk,ID,-0.9516,122.7875,77.68,89,80,3.22,broken clouds,2021-10-30 14:57:06
188,Sao Joao Da Barra,BR,-21.6403,-41.0511,77.09,84,100,12.5,overcast clouds,2021-10-30 14:57:06
189,Yerbogachen,RU,61.2767,108.0108,32.7,79,100,10.87,overcast clouds,2021-10-30 14:57:06
190,Ca Mau,VN,9.1769,105.15,76.08,95,91,4.88,overcast clouds,2021-10-30 14:56:15
191,Coihaique,CL,-45.5752,-72.0662,48.81,53,20,5.75,few clouds,2021-10-30 14:57:07
192,Sur,OM,22.5667,59.5289,81.43,62,28,10.56,scattered clouds,2021-10-30 14:57:07
193,Bogale,MM,16.2833,95.4,77.52,89,100,3.36,overcast clouds,2021-10-30 14:57:08
194,Salihorsk,BY,52.7876,27.5415,50.9,64,13,10.18,few clouds,2021-10-30 14:57:08
195,Petrila,RO,45.45,23.4167,56.26,76,0,5.1,clear sky,2021-10-30 14:57:09
196,Popondetta,PG,-8.7537,148.2534,73.38,95,96,3.24,overcast clouds,2021-10-30 14:57:09
197,Yellowknife,CA,62.456,-114.3525,27.41,99,90,11.5,overcast clouds,2021-10-30 14:52:20
198,Road Town,VG,18.4167,-64.6167,86.04,66,20,9.22,few clouds,2021-10-30 14:57:10
199,Vydrino,RU,51.485,104.8461,38.43,66,12,5.03,few clouds,2021-10-30 14:57:10
200,Vrangel,RU,42.7297,133.0839,53.78,85,100,3.11,overcast clouds,2021-10-30 14:57:10
201,Bulgan,MN,48.8125,103.5347,30.52,75,28,2.39,scattered clouds,2021-10-30 14:57:11
202,Paithan,IN,19.4833,75.3833,74.28,55,13,8.39,few clouds,2021-10-30 14:57:11
203,Raudeberg,NO,61.9875,5.1352,54.19,69,67,3.0,broken clouds,2021-10-30 14:57:12
204,Port Shepstone,ZA,-30.7414,30.455,68.83,72,4,17.09,clear sky,2021-10-30 14:57:12
205,Sadat,IN,25.6833,83.2833,73.49,51,5,4.97,clear sky,2021-10-30 14:57:12
206,Talnakh,RU,69.4865,88.3972,18.16,96,100,4.34,light snow,2021-10-30 14:57:13
207,Fairbanks,US,64.8378,-147.7164,26.42,87,75,8.05,broken clouds,2021-10-30 14:57:13
208,Caravelas,BR,-17.7125,-39.2481,83.34,55,60,8.95,broken clouds,2021-10-30 14:57:13
209,Makakilo City,US,21.3469,-158.0858,71.29,83,0,3.62,clear sky,2021-10-30 14:57:14
210,Mocuba,MZ,-16.8392,36.9856,86.88,35,2,12.86,clear sky,2021-10-30 14:57:14
211,Desna,UA,50.9273,30.7605,46.92,65,1,8.79,clear sky,2021-10-30 14:57:15
212,Dingle,PH,10.9995,122.6711,75.74,92,99,7.47,overcast clouds,2021-10-30 14:57:15
213,Georgiyevka,KZ,43.0369,74.7114,42.84,81,0,4.47,clear sky,2021-10-30 14:57:15
214,Airai,TL,-8.9266,125.4092,63.68,90,99,1.01,overcast clouds,2021-10-30 14:57:16
215,Lindi,TZ,-10.0,39.7167,79.59,69,11,7.92,few clouds,2021-10-30 14:57:16
216,Grand-Santi,GF,4.25,-54.3833,87.35,60,55,3.33,broken clouds,2021-10-30 14:57:17
217,Dronten,NL,52.5,5.7167,58.28,82,100,21.0,light rain,2021-10-30 14:57:17
218,San Quintin,MX,30.4833,-115.95,64.36,85,0,3.98,clear sky,2021-10-30 14:57:17
219,Sulina,RO,45.1559,29.6536,54.41,71,14,9.84,few clouds,2021-10-30 14:57:18
220,Fukue,JP,32.6881,128.8419,63.72,71,55,4.07,broken clouds,2021-10-30 14:57:18
221,Cururupu,BR,-1.8283,-44.8683,84.58,70,37,5.46,scattered clouds,2021-10-30 14:57:18
222,Padang,ID,-0.9492,100.3543,75.25,88,100,2.68,overcast clouds,2021-10-30 14:57:19
223,Victoria,HK,22.2855,114.1577,75.25,84,58,5.99,light rain,2021-10-30 14:56:22
224,Coquimbo,CL,-29.9533,-71.3436,55.13,94,90,11.5,light intensity drizzle,2021-10-30 14:57:19
225,Arraial Do Cabo,BR,-22.9661,-42.0278,71.46,83,90,5.75,overcast clouds,2021-10-30 14:56:01
226,Verkhoyansk,RU,67.5447,133.385,-11.11,98,44,3.24,scattered clouds,2021-10-30 14:57:20
227,Hambantota,LK,6.1241,81.1185,75.54,100,40,2.3,scattered clouds,2021-10-30 14:57:20
228,Sola,VU,-13.8833,167.55,81.37,68,3,16.46,clear sky,2021-10-30 14:57:20
229,Mahajanga,MG,-15.7167,46.3167,84.22,61,40,12.66,scattered clouds,2021-10-30 14:57:21
230,Merauke,ID,-8.4667,140.3333,80.08,82,57,10.85,broken clouds,2021-10-30 14:55:06
231,Yinchuan,CN,38.4681,106.2731,48.34,31,0,7.52,clear sky,2021-10-30 14:57:21
232,Tommot,RU,58.9564,126.2925,11.61,91,22,2.68,few clouds,2021-10-30 14:57:22
233,Tiznit,MA,29.5833,-9.5,78.26,31,1,13.11,clear sky,2021-10-30 14:57:22
234,Port-Gentil,GA,-0.7193,8.7815,84.16,79,40,17.27,moderate rain,2021-10-30 14:57:23
235,Havoysund,NO,70.9963,24.6622,38.28,69,70,3.15,broken clouds,2021-10-30 14:57:23
236,West Bay,KY,19.3667,-81.4167,82.08,83,75,3.0,broken clouds,2021-10-30 14:57:23
237,Sterling,US,39.0062,-77.4286,59.4,92,90,8.01,overcast clouds,2021-10-30 14:56:49
238,Bima,ID,-8.4667,118.7167,79.48,88,100,2.46,overcast clouds,2021-10-30 14:57:24
239,Urdoma,RU,61.7533,48.5442,32.05,96,98,3.02,overcast clouds,2021-10-30 14:57:24
240,Portland,US,45.5234,-122.6762,51.01,67,0,1.01,clear sky,2021-10-30 14:56:07
241,Xinpu,CN,34.5997,119.1594,60.49,63,0,4.9,light rain,2021-10-30 14:57:25
242,Cidreira,BR,-30.1811,-50.2056,71.49,75,83,20.76,broken clouds,2021-10-30 14:57:25
243,Huilong,CN,31.8111,121.655,65.93,83,0,6.69,clear sky,2021-10-30 14:57:26
244,Varkaus,FI,62.3153,27.873,46.51,94,100,6.62,overcast clouds,2021-10-30 14:57:26
245,Diffa,NE,13.3154,12.6113,97.75,9,50,12.01,scattered clouds,2021-10-30 14:57:26
246,Necochea,AR,-38.5473,-58.7368,65.03,61,57,15.95,broken clouds,2021-10-30 14:57:27
247,Dire Dawa,ET,9.5931,41.8661,75.24,33,27,14.25,scattered clouds,2021-10-30 14:57:27
248,Luderitz,NA,-26.6481,15.1594,70.66,57,0,13.11,clear sky,2021-10-30 14:57:27
249,Hofn,IS,64.2539,-15.2082,43.48,88,100,5.57,light rain,2021-10-30 14:57:28
250,Bahia Blanca,AR,-38.7196,-62.2724,68.25,35,86,16.33,overcast clouds,2021-10-30 14:57:28
251,Ilinskiy,RU,55.619,38.1182,51.51,76,0,6.71,clear sky,2021-10-30 14:57:28
252,Middle Island,US,40.8843,-72.9373,64.04,95,74,1.01,broken clouds,2021-10-30 14:57:29
253,Vostok,RU,46.4856,135.8833,35.71,69,100,1.95,overcast clouds,2021-10-30 14:57:29
254,Takikawa,JP,43.5528,141.9064,41.32,76,85,3.44,overcast clouds,2021-10-30 14:57:30
255,Emerald,AU,-23.5333,148.1667,82.54,39,40,6.91,scattered clouds,2021-10-30 14:53:43
256,Williams Lake,CA,52.1415,-122.1445,22.57,86,1,3.44,clear sky,2021-10-30 14:57:30
257,Novobirilyussy,RU,56.9514,90.6661,25.9,61,55,8.5,broken clouds,2021-10-30 14:57:31
258,Bafoulabe,ML,13.8065,-10.8321,97.12,23,100,7.18,overcast clouds,2021-10-30 14:57:31
259,Manbij,SY,36.5281,37.9549,66.97,36,99,8.23,overcast clouds,2021-10-30 14:57:32
260,Cherskiy,RU,68.75,161.3,-5.04,99,100,4.29,light snow,2021-10-30 14:57:32
261,Buea,CM,4.1527,9.241,74.32,78,100,1.68,light rain,2021-10-30 14:57:32
262,Taltal,CL,-25.4,-70.4833,67.08,62,16,4.63,few clouds,2021-10-30 14:57:33
263,Yokadouma,CM,3.5167,15.05,82.45,61,100,4.81,overcast clouds,2021-10-30 14:57:33
264,Ilulissat,GL,69.2167,-51.1,29.7,81,100,8.86,overcast clouds,2021-10-30 14:57:33
265,Oyama,JP,36.3,139.8,63.59,62,69,5.21,broken clouds,2021-10-30 14:57:34
266,Chokurdakh,RU,70.6333,147.9167,-8.19,96,100,6.69,overcast clouds,2021-10-30 14:57:34
267,Novaya Malykla,RU,54.2,49.95,48.29,83,97,10.27,overcast clouds,2021-10-30 14:57:35
268,Dunedin,NZ,-45.8742,170.5036,59.81,90,0,11.01,clear sky,2021-10-30 14:55:47
269,Prince Rupert,CA,54.3161,-130.3201,44.29,70,100,9.22,overcast clouds,2021-10-30 14:57:35
270,Aktau,KZ,43.65,51.2,52.38,72,0,5.48,clear sky,2021-10-30 14:57:35
271,Parvatsar,IN,26.8833,74.7667,73.4,24,0,5.19,clear sky,2021-10-30 14:57:36
272,Longyearbyen,SJ,78.2186,15.6401,19.24,79,20,5.75,few clouds,2021-10-30 14:57:36
273,Ileza,RU,61.0533,43.9002,43.97,90,100,7.23,overcast clouds,2021-10-30 14:57:36
274,Nome,US,64.5011,-165.4064,10.56,92,24,6.69,few clouds,2021-10-30 14:57:37
275,Mount Isa,AU,-20.7333,139.5,80.37,18,100,11.5,overcast clouds,2021-10-30 14:57:37
276,Sokoto,NG,13.0609,5.239,99.54,8,49,10.71,scattered clouds,2021-10-30 14:54:13
277,La Ronge,CA,55.1001,-105.2842,32.25,80,75,5.75,broken clouds,2021-10-30 14:57:38
278,Gavrilovka Vtoraya,RU,52.877,42.7663,44.78,89,11,9.06,few clouds,2021-10-30 14:57:38
279,Kousseri,CM,12.0769,15.0306,102.16,10,0,6.91,clear sky,2021-10-30 14:57:39
280,Puntarenas,CR,9.9763,-84.8384,84.13,79,100,1.28,overcast clouds,2021-10-30 14:57:39
281,Mackay,AU,-21.15,149.2,76.05,88,7,6.91,clear sky,2021-10-30 14:57:39
282,Madridejos,ES,39.4682,-3.532,64.98,82,100,20.22,overcast clouds,2021-10-30 14:57:40
283,Rawson,AR,-43.3002,-65.1023,56.57,35,1,29.19,clear sky,2021-10-30 14:57:40
284,Salalah,OM,17.0151,54.0924,81.48,65,3,8.01,clear sky,2021-10-30 14:57:40
285,Haimen,CN,23.1935,116.6142,71.49,79,94,12.37,overcast clouds,2021-10-30 14:57:41
286,Khandyga,RU,62.6667,135.6,-2.49,100,100,0.69,overcast clouds,2021-10-30 14:57:41
287,Svetlogorsk,BY,52.6333,29.7333,49.8,65,6,8.55,clear sky,2021-10-30 14:57:42
288,Killybegs,IE,54.6333,-8.45,50.45,73,45,11.56,light rain,2021-10-30 14:57:42
289,Kytmanovo,RU,53.4593,85.4479,35.19,96,100,10.71,light rain,2021-10-30 14:57:43
290,Plainview,US,40.7765,-73.4673,63.91,82,66,1.01,light rain,2021-10-30 14:57:43
291,Kununurra,AU,-15.7667,128.7333,82.38,69,40,8.05,scattered clouds,2021-10-30 14:57:44
292,Huarmey,PE,-10.0681,-78.1522,67.1,77,70,6.85,broken clouds,2021-10-30 14:57:44
293,Natal,BR,-5.795,-35.2094,88.45,55,40,18.41,scattered clouds,2021-10-30 14:57:44
294,Zholymbet,KZ,51.7433,71.7122,35.76,87,100,16.37,overcast clouds,2021-10-30 14:57:45
295,Tezu,IN,27.9167,96.1667,67.17,58,0,4.32,clear sky,2021-10-30 14:57:45
296,Sangar,RU,63.9242,127.4739,-14.66,100,99,2.77,overcast clouds,2021-10-30 14:57:45
297,Meulaboh,ID,4.1363,96.1285,77.59,84,92,2.1,overcast clouds,2021-10-30 14:57:46
298,Korhogo,CI,9.45,-5.6333,88.07,49,100,4.63,overcast clouds,2021-10-30 14:57:46
299,Wewak,PG,-3.5534,143.6268,81.25,82,87,5.08,overcast clouds,2021-10-30 14:57:46
300,Dowa,MW,-13.654,33.9375,84.47,30,5,9.19,clear sky,2021-10-30 14:57:47
301,Taupo,NZ,-38.6833,176.0833,58.24,98,100,6.31,moderate rain,2021-10-30 14:57:47
302,Sibolga,ID,1.7427,98.7792,77.59,89,100,2.26,heavy intensity rain,2021-10-30 14:57:48
303,Ust-Kuyga,RU,70.0167,135.6,-8.21,100,100,5.17,overcast clouds,2021-10-30 14:57:48
304,Taoudenni,ML,22.6783,-3.9836,95.18,17,80,5.84,broken clouds,2021-10-30 14:57:48
305,Jining,CN,35.405,116.5814,61.21,55,8,2.53,light rain,2021-10-30 14:57:49
306,Yar-Sale,RU,66.8333,70.8333,10.96,89,100,18.21,overcast clouds,2021-10-30 14:57:49
307,Muslyumovo,RU,55.3033,53.1947,44.58,89,100,15.77,overcast clouds,2021-10-30 14:57:50
308,Northport,US,33.229,-87.5772,55.22,91,90,8.05,overcast clouds,2021-10-30 14:57:01
309,Asuncion Nochixtlan,MX,17.4667,-97.2333,59.41,75,42,3.02,scattered clouds,2021-10-30 14:57:50
310,Saskylakh,RU,71.9167,114.0833,5.43,93,100,10.8,overcast clouds,2021-10-30 14:57:51
311,Nadvoitsy,RU,63.8667,34.3167,43.39,89,100,9.57,overcast clouds,2021-10-30 14:57:51
312,Solnechnyy,RU,50.7214,136.6319,28.27,80,100,9.04,overcast clouds,2021-10-30 14:57:52
313,Port Hardy,CA,50.6996,-127.4199,41.0,93,1,5.75,clear sky,2021-10-30 14:57:52
314,Los Llanos De Aridane,ES,28.6585,-17.9182,71.35,85,20,4.61,few clouds,2021-10-30 14:57:52
315,Keti Bandar,PK,24.1447,67.4497,82.71,46,21,8.34,few clouds,2021-10-30 14:57:53
316,Muros,ES,42.7762,-9.0603,66.24,85,100,9.17,overcast clouds,2021-10-30 14:57:53
317,Samarai,PG,-10.6167,150.6667,81.61,82,30,10.4,scattered clouds,2021-10-30 14:57:53
318,Muyezerskiy,RU,63.9333,31.65,41.52,95,100,8.1,overcast clouds,2021-10-30 14:57:54
319,Kut Chap,TH,17.4257,102.5669,78.01,82,97,3.87,overcast clouds,2021-10-30 14:57:54
320,Bar,UA,49.0772,27.6826,46.13,56,0,13.6,clear sky,2021-10-30 14:57:55
321,Odweyne,SO,9.4092,45.064,75.9,50,7,15.26,clear sky,2021-10-30 14:57:55
322,Nantucket,US,41.2835,-70.0995,60.04,91,41,24.52,scattered clouds,2021-10-30 14:55:44
323,Guerrero Negro,MX,27.9769,-114.0611,66.13,80,0,4.5,clear sky,2021-10-30 14:57:56
324,Luau,AO,-10.7073,22.2247,84.27,47,91,1.28,overcast clouds,2021-10-30 14:57:56
325,Umm Lajj,SA,25.0213,37.2685,84.18,54,36,8.66,scattered clouds,2021-10-30 14:57:56
326,Broome,US,42.2506,-75.833,53.2,80,100,5.01,overcast clouds,2021-10-30 14:57:57
327,Zonguldak,TR,41.25,31.8333,49.24,72,0,1.39,clear sky,2021-10-30 14:57:57
328,Manyana,BW,-23.4,21.7167,88.92,12,0,13.76,clear sky,2021-10-30 14:57:57
329,Fairview,US,40.8126,-73.999,64.58,87,20,5.75,mist,2021-10-30 14:57:58
330,Victor Harbor,AU,-35.5667,138.6167,52.72,90,3,0.36,clear sky,2021-10-30 14:57:58
331,Quirinopolis,BR,-18.4483,-50.4517,87.31,42,96,8.41,overcast clouds,2021-10-30 14:57:59
332,Calabozo,VE,8.9242,-67.4293,82.54,70,94,3.33,overcast clouds,2021-10-30 14:57:59
333,Zemio,CF,5.0314,25.1361,84.04,65,97,3.2,overcast clouds,2021-10-30 14:57:59
334,Awbari,LY,26.5921,12.7805,82.42,22,2,3.8,clear sky,2021-10-30 14:58:00
335,Comodoro Rivadavia,AR,-45.8667,-67.5,49.86,62,40,18.41,scattered clouds,2021-10-30 14:58:00
336,Nanakuli,US,21.3906,-158.1547,72.72,79,0,2.93,clear sky,2021-10-30 14:58:00
337,Port Blair,IN,11.6667,92.75,81.7,79,93,3.42,overcast clouds,2021-10-30 14:58:01
338,Ermelo,ZA,-26.5333,29.9833,72.18,18,0,10.63,clear sky,2021-10-30 14:58:01
339,Esperance,AU,-33.8667,121.9,55.24,69,0,16.78,clear sky,2021-10-30 14:58:02
340,Blackwater,AU,-23.5833,148.8833,79.34,55,63,1.54,broken clouds,2021-10-30 14:58:02
341,Ihosy,MG,-22.4,46.1167,71.85,59,64,10.07,broken clouds,2021-10-30 14:58:03
342,Beira,MZ,-19.8436,34.8389,80.69,57,20,15.99,few clouds,2021-10-30 14:58:03
343,North Bend,US,43.4065,-124.2243,52.07,96,90,6.91,overcast clouds,2021-10-30 14:58:03
344,Tingo Maria,PE,-9.2895,-76.0088,75.51,78,20,3.44,few clouds,2021-10-30 14:58:04
345,Haines Junction,CA,60.7522,-137.5108,33.75,64,100,6.91,overcast clouds,2021-10-30 14:58:04
346,Lincoln,US,40.8,-96.667,50.14,75,0,1.01,clear sky,2021-10-30 14:54:30
347,Jumla,NP,29.2747,82.1838,45.72,87,4,3.62,clear sky,2021-10-30 14:58:05
348,Norman Wells,CA,65.282,-126.8329,19.44,93,90,2.3,light snow,2021-10-30 14:58:05
349,Suclayin,PH,15.7568,121.5503,77.11,90,98,8.63,overcast clouds,2021-10-30 14:58:06
350,Sao Geraldo Do Araguaia,BR,-6.4006,-48.555,98.46,31,17,6.55,few clouds,2021-10-30 14:53:13
351,Ikalamavony,MG,-21.15,46.5833,76.14,51,71,5.46,broken clouds,2021-10-30 14:58:06
352,Emirdag,TR,39.0197,31.15,53.96,52,96,4.05,overcast clouds,2021-10-30 14:58:06
353,Shwebo,MM,22.5667,95.7,77.54,79,30,3.29,scattered clouds,2021-10-30 14:58:07
354,Muisne,EC,0.6,-80.0333,75.31,70,67,7.96,broken clouds,2021-10-30 14:58:07
355,Abashiri,JP,44.0213,144.2697,38.95,79,58,8.41,broken clouds,2021-10-30 14:58:07
356,Wau,SS,7.7029,27.9953,82.35,56,99,4.94,light rain,2021-10-30 14:58:08
357,Plouzane,FR,48.3833,-4.6167,57.52,67,75,16.11,broken clouds,2021-10-30 14:58:08
358,San Isidro,PE,-12.1167,-77.05,65.25,41,90,1.99,overcast clouds,2021-10-30 14:58:08
359,Roald,NO,62.5833,6.1333,55.45,66,0,5.75,clear sky,2021-10-30 14:58:09
360,Namatanai,PG,-3.6667,152.4333,79.29,82,68,7.92,moderate rain,2021-10-30 14:58:09
361,Areosa,PT,41.7178,-8.8571,68.23,83,99,10.27,overcast clouds,2021-10-30 14:58:10
362,Sambava,MG,-14.2667,50.1667,76.28,82,15,10.85,few clouds,2021-10-30 14:58:10
363,Vao,NC,-22.6667,167.4833,70.54,75,21,8.5,few clouds,2021-10-30 14:58:10
364,Bhadrachalam,IN,17.6667,80.8833,76.24,89,99,2.64,overcast clouds,2021-10-30 14:58:11
365,Mount Gambier,AU,-37.8333,140.7667,40.91,93,75,0.0,broken clouds,2021-10-30 14:57:49
366,Yanliang,CN,34.6592,109.2292,58.19,56,97,1.39,overcast clouds,2021-10-30 14:58:11
367,Dauphin,CA,51.1494,-100.0502,33.94,83,1,9.22,clear sky,2021-10-30 14:58:12
368,Lomovka,RU,53.9194,58.3672,38.32,96,100,15.05,overcast clouds,2021-10-30 14:58:12
369,Timbo,BR,-26.8233,-49.2717,73.4,99,100,0.87,overcast clouds,2021-10-30 14:58:12
370,Dzhebariki-Khaya,RU,62.2167,135.8,0.91,99,100,1.66,overcast clouds,2021-10-30 14:58:13
371,Berbera,SO,10.4396,45.0143,82.74,70,14,12.75,moderate rain,2021-10-30 14:58:13
372,Pingdu,CN,36.7844,119.9464,56.64,70,0,4.34,light rain,2021-10-30 14:58:13
373,Ilam,NP,26.9167,87.9167,58.93,90,41,1.7,scattered clouds,2021-10-30 14:58:14
374,Ulaanbaatar,MN,47.9077,106.8832,17.73,62,0,2.24,clear sky,2021-10-30 14:58:14
375,Ostersund,SE,63.1792,14.6357,50.45,76,20,9.22,few clouds,2021-10-30 14:58:14
376,Poum,NC,-20.2333,164.0167,74.53,76,2,6.08,clear sky,2021-10-30 14:58:15
377,Sutton,GB,51.35,-0.2,58.23,73,20,3.0,few clouds,2021-10-30 14:58:15
378,Thunder Bay,CA,48.4001,-89.3168,43.29,95,90,4.61,overcast clouds,2021-10-30 14:58:16
379,Touros,BR,-5.1989,-35.4608,88.7,58,55,15.41,broken clouds,2021-10-30 14:58:16
380,Manali,IN,13.1667,80.2667,82.49,79,81,8.88,broken clouds,2021-10-30 14:58:17
381,Oakley,US,37.9974,-121.7124,60.3,79,99,1.01,overcast clouds,2021-10-30 14:58:17
382,Rennes,FR,48.1667,-1.6667,61.18,67,40,5.75,scattered clouds,2021-10-30 14:53:57
383,Maumere,ID,-8.6199,122.2111,80.82,81,75,2.8,broken clouds,2021-10-30 14:58:18
384,Reutlingen,DE,48.4914,9.2043,52.02,86,100,3.06,overcast clouds,2021-10-30 14:58:18
385,Dongtai,CN,32.8523,120.3095,58.01,72,0,3.96,clear sky,2021-10-30 14:58:18
386,Saint-Augustin,CA,51.226,-58.6502,49.51,32,8,3.85,clear sky,2021-10-30 14:58:19
387,Puerto Madryn,AR,-42.7692,-65.0385,58.96,30,21,27.96,few clouds,2021-10-30 14:58:19
388,Dicabisagan,PH,17.0818,122.4157,77.83,79,69,7.76,broken clouds,2021-10-30 14:58:20
389,Conakry,GN,9.538,-13.6773,82.47,74,75,9.22,broken clouds,2021-10-30 14:58:20
390,Susehri,TR,40.1644,38.0867,53.78,64,55,3.65,broken clouds,2021-10-30 14:58:20
391,Ostrovnoy,RU,68.0531,39.5131,30.27,83,95,8.99,overcast clouds,2021-10-30 14:58:21
392,Srednekolymsk,RU,67.45,153.6833,-6.56,99,100,3.53,overcast clouds,2021-10-30 14:58:21
393,Bulaevo,KZ,54.9056,70.4439,31.15,46,100,13.31,overcast clouds,2021-10-30 14:58:21
394,Slave Lake,CA,55.2834,-114.769,30.18,59,1,16.11,clear sky,2021-10-30 14:58:22
395,Adrar,MR,20.5022,-10.0711,89.42,12,100,9.8,overcast clouds,2021-10-30 14:58:22
396,Leh,IN,34.1667,77.5833,27.99,57,3,1.34,clear sky,2021-10-30 14:58:22
397,Bodden Town,KY,19.2833,-81.25,82.0,91,75,5.99,broken clouds,2021-10-30 14:55:14
398,Bonavista,CA,48.6499,-53.1147,50.11,69,20,9.95,few clouds,2021-10-30 14:58:23
399,Ballangen,NO,68.3428,16.8315,41.4,93,75,3.44,broken clouds,2021-10-30 14:58:23
400,Pochutla,MX,15.7432,-96.4661,80.82,74,100,4.59,overcast clouds,2021-10-30 14:58:24
401,Talas,TR,38.6908,35.5538,57.87,51,40,0.0,scattered clouds,2021-10-30 14:58:24
402,Lata,PT,40.1629,-8.3327,67.93,72,99,5.39,overcast clouds,2021-10-30 14:58:24
403,Gamboma,CG,-1.8764,15.8644,84.11,65,96,3.47,overcast clouds,2021-10-30 14:58:25
404,Kazanskoye,RU,55.6448,69.235,30.15,57,100,15.17,overcast clouds,2021-10-30 14:58:25
405,Otradnoye,RU,59.7775,30.8181,48.04,90,76,6.46,broken clouds,2021-10-30 14:58:26
406,Beringovskiy,RU,63.05,179.3167,10.38,95,100,18.7,overcast clouds,2021-10-30 14:58:26
407,Mineiros,BR,-17.5694,-52.5511,89.06,36,86,5.35,overcast clouds,2021-10-30 14:58:26
408,Tessalit,ML,20.1986,1.0114,98.76,9,33,1.97,scattered clouds,2021-10-30 14:58:27
409,Richards Bay,ZA,-28.783,32.0377,66.99,83,98,14.9,light rain,2021-10-30 14:54:06
410,Lagoa,PT,39.05,-27.9833,70.03,90,100,26.66,overcast clouds,2021-10-30 14:58:27
411,Nishihara,JP,26.1842,127.7558,72.68,73,20,6.91,few clouds,2021-10-30 14:58:27
412,Quatre Cocos,MU,-20.2078,57.7625,76.08,75,51,2.98,broken clouds,2021-10-30 14:58:28
413,Alofi,NU,-19.0595,-169.9187,71.49,83,100,6.91,overcast clouds,2021-10-30 14:58:28
414,Kaduqli,SD,11.0167,29.7167,90.25,33,24,13.29,few clouds,2021-10-30 14:58:29
415,Nhulunbuy,AU,-12.2333,136.7667,79.41,83,88,0.0,overcast clouds,2021-10-30 14:55:15
416,Agadez,NE,19.75,10.25,92.39,14,10,10.56,clear sky,2021-10-30 14:58:29
417,Marzuq,YE,14.4,46.4667,78.42,42,99,6.4,overcast clouds,2021-10-30 14:58:30
418,Tuatapere,NZ,-46.1333,167.6833,48.58,82,76,7.63,broken clouds,2021-10-30 14:58:30
419,Silleda,ES,42.696,-8.2465,61.61,72,100,6.24,overcast clouds,2021-10-30 14:58:30
420,Yulara,AU,-25.2406,130.9889,57.04,100,90,11.5,overcast clouds,2021-10-30 14:58:31
421,Rio Grande,BR,-32.035,-52.0986,75.94,71,95,21.03,overcast clouds,2021-10-30 14:55:20
422,Alugan,PH,12.2188,125.4808,80.28,83,99,15.55,overcast clouds,2021-10-30 14:58:31
423,Jaciara,BR,-15.9653,-54.9683,94.28,36,87,4.21,overcast clouds,2021-10-30 14:58:32
424,Myaundzha,RU,63.0494,147.1858,0.28,95,100,4.76,overcast clouds,2021-10-30 14:58:32
425,Roberval,CA,48.5168,-72.2324,38.03,81,75,5.75,broken clouds,2021-10-30 14:58:32
426,Praia Da Vitoria,PT,38.7333,-27.0667,75.45,83,40,16.89,scattered clouds,2021-10-30 14:58:33
427,Phan Thiet,VN,10.9333,108.1,78.06,88,18,9.22,few clouds,2021-10-30 14:58:33
428,Pangody,RU,65.85,74.4859,14.27,93,100,16.78,light snow,2021-10-30 14:58:33
429,Andenes,NO,69.3143,16.1194,42.78,75,100,6.91,overcast clouds,2021-10-30 14:54:49
430,Velyka Bilozerka,UA,47.2776,34.7062,51.67,53,0,8.3,clear sky,2021-10-30 14:58:34
431,Bandarbeyla,SO,9.4942,50.8122,79.2,78,9,12.62,light rain,2021-10-30 14:58:34
432,Sao Felix Do Xingu,BR,-6.6447,-51.995,96.44,35,48,3.94,scattered clouds,2021-10-30 14:58:34
433,Avarua,CK,-21.2078,-159.775,69.85,78,90,9.22,overcast clouds,2021-10-30 14:58:35
434,Beyneu,KZ,45.3167,55.2,54.3,52,9,0.45,clear sky,2021-10-30 14:58:35
435,San Juan,AR,-31.5375,-68.5364,85.5,31,0,25.79,clear sky,2021-10-30 14:57:33
436,Baykit,RU,61.67,96.37,18.03,86,98,9.26,overcast clouds,2021-10-30 14:58:36
437,Ambilobe,MG,-13.2,49.05,79.12,70,21,5.23,few clouds,2021-10-30 14:58:36
438,Ewa Beach,US,21.3156,-158.0072,72.7,81,0,3.0,clear sky,2021-10-30 14:58:37
439,Skorodnoye,RU,51.071,37.2276,51.69,72,1,5.53,clear sky,2021-10-30 14:58:37
440,Tura,IN,25.5198,90.2201,66.06,62,0,2.48,clear sky,2021-10-30 14:58:37
441,Vardo,NO,70.3705,31.1107,37.51,76,46,15.21,scattered clouds,2021-10-30 14:58:38
442,Bismarck,US,46.8083,-100.7837,44.2,86,90,14.0,overcast clouds,2021-10-30 14:58:38
443,Kulhudhuffushi,MV,6.6221,73.07,80.42,81,100,6.91,overcast clouds,2021-10-30 14:58:39
444,Moerai,PF,-22.4333,-151.3333,71.53,60,14,15.9,few clouds,2021-10-30 14:58:39
445,Kruisfontein,ZA,-34.0033,24.7314,68.88,67,3,13.96,clear sky,2021-10-30 14:58:39
446,Port Hedland,AU,-20.3167,118.5667,71.65,83,0,5.75,clear sky,2021-10-30 14:58:40
447,Bibiani,GH,6.4635,-2.3194,91.45,44,98,4.83,overcast clouds,2021-10-30 14:58:40
448,Spearfish,US,44.4908,-103.8594,50.88,69,90,1.99,overcast clouds,2021-10-30 14:58:26
449,Praia,CV,14.9215,-23.5087,82.94,69,75,20.71,broken clouds,2021-10-30 14:58:41
450,Egvekinot,RU,66.3167,-179.1667,-3.66,87,80,9.8,broken clouds,2021-10-30 14:58:41
451,Havelock,US,34.8791,-76.9013,63.01,77,44,1.99,scattered clouds,2021-10-30 14:58:41
452,Itubera,BR,-13.7322,-39.1492,84.18,57,42,7.58,scattered clouds,2021-10-30 14:58:42
453,Waynesville,US,35.4887,-82.9887,50.74,89,100,4.0,overcast clouds,2021-10-30 14:58:15
454,Serabu,SL,7.7958,-12.0536,80.38,75,100,2.73,overcast clouds,2021-10-30 14:58:42
455,Formosa Do Rio Preto,BR,-11.0483,-45.1931,96.39,26,13,7.81,few clouds,2021-10-30 14:58:42
456,Shitkino,RU,56.3703,98.3543,41.05,63,100,9.46,overcast clouds,2021-10-30 14:58:43
457,Banjar,ID,-8.19,114.9675,78.66,89,100,2.28,overcast clouds,2021-10-30 14:58:43
458,Sorkjosen,NO,69.8,20.9333,34.09,80,100,8.97,overcast clouds,2021-10-30 14:58:43
459,Odienne,CI,9.51,-7.5692,87.58,53,46,3.47,scattered clouds,2021-10-30 14:58:44
460,Aiquile,BO,-18.2041,-65.1807,75.58,41,20,9.57,few clouds,2021-10-30 14:58:44
461,Winslow,US,35.0242,-110.6974,57.13,33,4,4.21,clear sky,2021-10-30 14:56:49
462,San Policarpo,PH,12.1791,125.5072,80.58,82,97,16.28,overcast clouds,2021-10-30 14:58:45
463,Hobyo,SO,5.3505,48.5268,81.46,68,24,15.08,few clouds,2021-10-30 14:58:45
464,Anqing,CN,30.5092,117.0506,63.23,57,1,4.18,light rain,2021-10-30 14:58:45
465,Naze,JP,28.3667,129.4833,68.04,77,7,7.47,clear sky,2021-10-30 14:58:46
466,Salamanca,ES,40.8333,-6.0,61.0,74,100,10.94,overcast clouds,2021-10-30 14:58:46
467,Tabuny,RU,52.7773,78.7896,32.04,87,45,8.16,scattered clouds,2021-10-30 14:58:46
468,Noshiro,JP,40.2039,140.0242,49.95,81,100,4.36,overcast clouds,2021-10-30 14:58:47
469,Arlit,NE,18.7369,7.3853,99.19,8,22,6.13,few clouds,2021-10-30 14:58:47
470,Kelo,TD,9.3086,15.8066,93.97,34,72,4.16,broken clouds,2021-10-30 14:58:48
471,Boa Vista,BR,2.8197,-60.6733,89.58,55,40,8.05,scattered clouds,2021-10-30 14:58:48
472,Sargur,IN,11.9833,76.4167,70.11,94,100,3.29,overcast clouds,2021-10-30 14:58:49
473,Cadillac,US,44.2519,-85.4012,48.11,81,75,8.05,broken clouds,2021-10-30 14:58:49
474,Ibra,OM,22.6906,58.5334,82.49,22,4,7.63,clear sky,2021-10-30 14:58:50
475,Coro,VE,11.4045,-69.6734,82.35,73,100,12.91,overcast clouds,2021-10-30 14:58:50
476,La Ferte-Bernard,FR,48.1863,0.6536,58.62,71,100,11.52,overcast clouds,2021-10-30 14:58:50
477,Hue,VN,16.4667,107.6,77.11,100,20,4.61,few clouds,2021-10-30 14:58:05
478,Miri,MY,4.4148,114.0089,80.74,94,40,3.44,light rain,2021-10-30 14:58:51
479,Bosaso,SO,11.2842,49.1816,82.38,78,20,14.97,few clouds,2021-10-30 14:58:51
480,Jinka,ET,5.65,36.65,74.19,45,70,5.46,broken clouds,2021-10-30 14:58:51
481,Torrington,US,41.8007,-73.1212,55.69,98,100,4.0,light rain,2021-10-30 14:58:52
482,Salinas,US,36.6777,-121.6555,58.69,89,77,2.01,broken clouds,2021-10-30 14:58:52
483,Dabakala,CI,8.3667,-4.4333,92.25,43,87,2.66,overcast clouds,2021-10-30 14:58:53
484,Skjervoy,NO,70.0311,20.9714,39.36,67,100,12.66,overcast clouds,2021-10-30 14:58:53
485,Limoges,FR,45.75,1.3333,63.16,72,75,12.66,broken clouds,2021-10-30 14:58:53
486,Kadaya,RU,50.9327,119.2911,24.06,37,5,1.92,clear sky,2021-10-30 14:58:54
487,Kalmunai,LK,7.4167,81.8167,80.01,81,66,7.74,broken clouds,2021-10-30 14:58:54
488,Akyab,MM,20.15,92.9,80.89,78,6,7.4,clear sky,2021-10-30 14:56:07
489,Praya,CV,14.9215,-23.5087,82.94,69,75,20.71,broken clouds,2021-10-30 14:58:55
490,Nelson Bay,AU,-32.7167,152.15,61.0,79,100,1.99,overcast clouds,2021-10-30 14:58:55
491,Gornopravdinsk,RU,60.05,69.9,23.47,95,100,4.79,light snow,2021-10-30 14:58:55
492,Codrington,AU,-38.2667,141.9667,43.07,91,0,6.96,clear sky,2021-10-30 14:58:56
493,Palasbari,IN,26.1361,91.5486,75.25,88,75,0.0,mist,2021-10-30 14:58:56
494,Gallup,US,35.5281,-108.7426,51.85,38,0,4.16,clear sky,2021-10-30 14:58:56
495,Naranjal,EC,-2.6667,-79.6167,82.53,64,55,3.83,broken clouds,2021-10-30 14:58:57
496,Inuvik,CA,68.3499,-133.7218,17.64,92,90,0.0,mist,2021-10-30 14:58:57
497,Mayo,US,38.8876,-76.5119,61.25,86,4,5.01,clear sky,2021-10-30 14:58:58
498,Boulsa,BF,12.6675,-0.5758,100.45,15,19,5.75,few clouds,2021-10-30 14:58:58
499,Winsum,NL,53.33,6.5208,56.21,31,100,22.06,overcast clouds,2021-10-30 14:57:03
500,Nunchia,CO,5.6406,-72.1986,77.77,85,86,5.1,overcast clouds,2021-10-30 14:58:58
501,Pevek,RU,69.7008,170.3133,1.02,94,100,6.22,overcast clouds,2021-10-30 14:58:59
502,Warkworth,NZ,-36.4,174.6667,65.41,96,100,10.67,light rain,2021-10-30 14:58:59
503,Cozumel,MX,20.5083,-86.9458,79.0,78,34,5.99,scattered clouds,2021-10-30 14:54:37
504,Opuwo,NA,-18.0607,13.84,91.17,18,84,13.06,broken clouds,2021-10-30 14:59:00
505,Chihuahua,MX,28.5,-106.0,63.54,25,0,3.36,clear sky,2021-10-30 14:54:52
506,Zima,RU,53.9202,102.0442,31.42,83,97,5.17,overcast clouds,2021-10-30 14:59:00
507,Mukhen,RU,48.1,136.1,40.41,71,100,3.11,overcast clouds,2021-10-30 14:59:01
508,Pimentel,PE,-6.8367,-79.9342,66.49,72,20,6.91,few clouds,2021-10-30 14:59:01
509,Nisia Floresta,BR,-6.0911,-35.2086,88.61,55,75,14.2,broken clouds,2021-10-30 14:59:02
510,Urusha,RU,54.05,122.9,21.7,57,15,2.68,few clouds,2021-10-30 14:59:02
511,Shimoda,JP,34.6667,138.95,56.1,65,83,1.45,broken clouds,2021-10-30 14:59:03
512,Chipinge,ZW,-20.1883,32.6236,84.97,24,2,4.32,clear sky,2021-10-30 14:59:03
513,Whitianga,NZ,-36.8333,175.7,62.02,97,100,12.35,light rain,2021-10-30 14:59:04
514,Magdug,PH,6.5476,126.0951,81.81,79,100,7.16,overcast clouds,2021-10-30 14:59:04
515,Ocampo,MX,21.65,-101.5,58.37,54,2,1.45,clear sky,2021-10-30 14:59:04
516,Skara,SE,58.3866,13.4384,51.53,91,100,1.99,overcast clouds,2021-10-30 14:59:05
517,Exeter,GB,50.7236,-3.5275,58.12,77,20,11.5,few clouds,2021-10-30 14:54:44
518,Sorgun,TR,39.8101,35.186,50.41,55,0,2.82,clear sky,2021-10-30 14:59:06
519,Broken Hill,AU,-31.95,141.4333,53.31,30,79,3.44,broken clouds,2021-10-30 14:59:06
520,Preobrazheniye,RU,42.9019,133.9064,51.8,87,100,6.42,overcast clouds,2021-10-30 14:59:06
521,Boyolangu,ID,-8.1181,111.8935,77.34,91,100,2.24,overcast clouds,2021-10-30 14:59:07
522,Matagami,CA,49.7502,-77.6328,32.11,100,1,3.44,clear sky,2021-10-30 14:59:07
523,Shizuishan,CN,39.2333,106.7694,44.76,38,0,5.23,clear sky,2021-10-30 14:59:07
524,Buala,SB,-8.145,159.5921,80.65,83,95,8.72,light rain,2021-10-30 14:59:08
525,Vanavara,RU,60.34,102.2797,34.36,87,100,13.18,overcast clouds,2021-10-30 14:59:08
526,College,US,64.8569,-147.8028,26.65,87,100,5.03,overcast clouds,2021-10-30 14:59:08
527,Anloga,GH,5.7947,0.8973,89.82,73,75,13.87,broken clouds,2021-10-30 14:59:09
528,Hamilton,US,39.1834,-84.5333,55.08,96,90,1.99,overcast clouds,2021-10-30 14:59:09
529,Port Antonio,JM,18.18,-76.4612,86.92,74,56,7.58,broken clouds,2021-10-30 14:59:09
530,Baghmara,IN,23.795,86.2085,74.55,57,73,5.32,broken clouds,2021-10-30 14:59:10
531,Chernolesskoye,RU,44.7156,43.7133,53.19,57,91,10.67,overcast clouds,2021-10-30 14:59:10
532,Elat,IL,29.5581,34.9482,85.84,48,88,6.91,overcast clouds,2021-10-30 14:59:10
533,Inongo,CD,-1.95,18.2667,79.39,68,18,0.83,few clouds,2021-10-30 14:59:11
534,Kaputa,ZM,-8.4689,29.6619,85.37,47,36,10.49,scattered clouds,2021-10-30 14:59:11
535,Sabang,ID,5.8933,95.3214,81.7,75,100,4.83,overcast clouds,2021-10-30 14:59:11
536,Oktyabrskoye,RU,43.0645,44.7417,44.74,87,75,11.18,broken clouds,2021-10-30 14:59:12
537,Pritzwalk,DE,53.1494,12.1741,55.58,54,95,13.06,overcast clouds,2021-10-30 14:59:12
538,Juneau,US,58.3019,-134.4197,41.22,92,90,12.66,light rain,2021-10-30 14:54:37
539,Toamasina,MG,-18.1667,49.3833,77.0,78,40,5.75,scattered clouds,2021-10-30 14:59:13
540,Mandalgovi,MN,45.7625,106.2708,30.52,72,7,5.19,clear sky,2021-10-30 14:59:13
541,Galesong,ID,-5.3166,119.3661,75.22,85,98,6.49,overcast clouds,2021-10-30 14:59:13
542,Mezen,RU,65.8522,44.24,27.9,98,100,3.58,overcast clouds,2021-10-30 14:59:14
543,Lucapa,AO,-8.4192,20.7447,79.66,60,98,1.79,overcast clouds,2021-10-30 14:59:14
544,Bath,GB,51.3779,-2.3591,57.88,84,38,10.16,scattered clouds,2021-10-30 14:55:40
545,Alice Springs,AU,-23.7,133.8833,62.15,72,90,6.91,overcast clouds,2021-10-30 14:59:10
546,Cravo Norte,CO,6.3017,-70.2041,77.47,87,100,2.98,overcast clouds,2021-10-30 14:59:15
547,Senador Jose Porfirio,BR,-2.5908,-51.9542,90.41,51,11,2.51,few clouds,2021-10-30 14:59:16
548,Kramat,ID,-8.1311,113.4499,76.24,94,77,1.43,broken clouds,2021-10-30 14:59:16
549,Yashkul,RU,46.1711,45.3435,50.41,55,0,7.45,clear sky,2021-10-30 14:59:16
550,Fereydun Kenar,IR,36.6864,52.5225,62.91,60,68,4.76,broken clouds,2021-10-30 14:59:17
551,Rodniki,RU,57.1051,41.7305,46.65,92,71,9.24,broken clouds,2021-10-30 14:59:17
552,Kashirskoye,RU,51.4194,39.6125,46.62,70,44,6.17,scattered clouds,2021-10-30 14:59:18
553,Hammerfest,NO,70.6634,23.6821,37.85,81,75,3.44,broken clouds,2021-10-30 14:59:18
554,Itapolis,BR,-21.5956,-48.8128,89.82,38,63,4.79,broken clouds,2021-10-30 14:59:18
555,Yarmouth,US,41.7057,-70.2286,60.15,95,90,10.0,overcast clouds,2021-10-30 14:54:24
556,Gizo,SB,-8.103,156.8419,82.69,76,36,7.0,scattered clouds,2021-10-30 14:59:19
557,Kieta,PG,-6.2167,155.6333,79.11,82,90,4.74,light rain,2021-10-30 14:59:19
558,Zhuhai,CN,22.2769,113.5678,76.05,83,20,14.97,light rain,2021-10-30 14:56:46
559,Henties Bay,NA,-22.116,14.2845,61.86,75,10,10.63,clear sky,2021-10-30 14:59:20
560,San Angelo,US,31.4638,-100.437,59.54,55,0,6.13,clear sky,2021-10-30 14:59:20
561,Legionowo,PL,52.4015,20.9266,62.26,54,0,1.01,clear sky,2021-10-30 14:55:38
562,Morros,BR,-9.4467,-46.3003,91.98,32,40,6.87,scattered clouds,2021-10-30 14:59:21
563,Upata,VE,8.0086,-62.3989,82.18,67,47,5.35,scattered clouds,2021-10-30 14:59:21
564,Nauchnyy Gorodok,RU,53.4203,83.521,32.86,100,75,8.95,mist,2021-10-30 14:59:21
565,Muswellbrook,AU,-32.2667,150.9,54.32,85,100,5.48,overcast clouds,2021-10-30 14:59:22
566,Hendaye,FR,43.3717,-1.7738,67.75,82,90,4.61,overcast clouds,2021-10-30 14:59:22
567,Vestmannaeyjar,IS,63.4427,-20.2734,45.59,87,20,11.5,few clouds,2021-10-30 14:59:22
568,Kloulklubed,PW,7.0419,134.2556,83.35,79,100,13.2,light rain,2021-10-30 14:59:23
569,Gudivada,IN,16.45,80.9833,80.8,94,96,5.55,overcast clouds,2021-10-30 14:59:23
570,Luangwa,ZM,-15.6167,30.4167,95.88,20,13,5.88,few clouds,2021-10-30 14:59:23
571,Mirnyy,RU,62.5353,113.9611,24.08,94,100,8.75,light snow,2021-10-30 14:59:24
572,Margate,GB,51.3813,1.3862,58.71,71,91,1.99,overcast clouds,2021-10-30 14:59:09
573,Ishigaki,JP,24.3448,124.1572,75.96,77,52,15.37,broken clouds,2021-10-30 14:59:24
574,Tautira,PF,-17.7333,-149.15,75.22,77,26,15.5,light rain,2021-10-30 14:59:25
575,Tilichiki,RU,60.4667,166.1,8.13,96,55,7.43,broken clouds,2021-10-30 14:59:25
576,Lalibela,ET,12.0333,39.0333,61.52,32,10,8.84,clear sky,2021-10-30 14:59:25
577,Jerantut,MY,3.936,102.3626,74.16,98,63,0.78,broken clouds,2021-10-30 14:59:26
578,Narrabri,AU,-30.3167,149.7833,55.49,35,100,8.05,overcast clouds,2021-10-30 14:59:26
579,Kralendijk,BQ,12.15,-68.2667,79.16,84,100,15.55,overcast clouds,2021-10-30 14:59:27
580,Asilah,MA,35.465,-6.0348,82.26,79,100,18.16,overcast clouds,2021-10-30 14:55:10
581,Tual,ID,-5.6667,132.75,83.05,75,91,6.13,overcast clouds,2021-10-30 14:59:27
582,Chachapoyas,PE,-6.2317,-77.869,63.59,65,92,4.18,light rain,2021-10-30 14:59:28
583,Kroya,ID,-7.6331,109.2461,79.11,87,100,3.33,overcast clouds,2021-10-30 14:59:28
584,Pacific Grove,US,36.6177,-121.9166,58.28,94,59,1.01,broken clouds,2021-10-30 14:59:03
585,Zabol,AF,32.25,67.25,54.07,25,0,14.94,clear sky,2021-10-30 14:59:29
586,Chunskiy,RU,56.0815,99.6342,38.3,75,100,5.44,overcast clouds,2021-10-30 14:59:29
587,Siyabuswa,ZA,-25.1132,29.0445,89.19,12,2,12.97,clear sky,2021-10-30 14:59:30
588,Saint-Louis,SN,16.3333,-15.0,97.2,22,39,16.33,scattered clouds,2021-10-30 14:59:30
589,Kavaratti,IN,10.5669,72.642,82.36,69,100,2.3,overcast clouds,2021-10-30 14:59:31
590,Korem,ET,12.5058,39.5228,57.33,34,6,7.67,clear sky,2021-10-30 14:59:31
591,Det Udom,TH,14.906,105.0784,76.82,91,80,6.11,broken clouds,2021-10-30 14:59:31
592,Faya,SA,18.3851,42.4509,73.51,31,64,7.09,broken clouds,2021-10-30 14:59:32
593,Khuzhir,RU,53.1939,107.3397,34.05,69,20,7.61,few clouds,2021-10-30 14:59:32
594,Sainte-Rose,GP,16.3324,-61.6979,84.24,70,20,10.36,few clouds,2021-10-30 14:59:33
595,Kabo,CF,7.6994,18.629,90.55,46,97,2.06,overcast clouds,2021-10-30 14:59:33
596,Ballina,AU,-28.8667,153.5667,69.76,92,90,11.5,overcast clouds,2021-10-30 14:59:33
597,Nurota,UZ,40.5614,65.6886,50.09,43,100,4.29,overcast clouds,2021-10-30 14:59:34
598,Vazante,BR,-17.9869,-46.9078,86.07,40,99,7.74,overcast clouds,2021-10-30 14:57:04
599,Panama City,PA,8.9936,-79.5197,90.28,72,20,4.61,few clouds,2021-10-30 14:56:10
600,Bembereke,BJ,10.2283,2.6634,93.74,23,94,4.7,overcast clouds,2021-10-30 14:59:34
601,Ilhabela,BR,-23.7781,-45.3581,70.83,92,99,10.18,overcast clouds,2021-10-30 14:59:35
602,Reconquista,AR,-29.15,-59.65,94.15,29,5,5.77,clear sky,2021-10-30 14:59:35
603,Whitehorse,CA,60.7161,-135.0538,31.01,68,75,18.99,broken clouds,2021-10-30 14:59:36
604,Mugur-Aksy,RU,50.35,90.5,15.6,83,95,6.13,overcast clouds,2021-10-30 14:59:36
605,Qarchi Gak,AF,37.04,66.7889,59.09,39,4,5.39,clear sky,2021-10-30 14:59:36
606,Xinyang,CN,32.1228,114.0656,64.42,52,100,1.45,light rain,2021-10-30 14:59:37
607,Hanting,CN,36.7708,119.2108,58.44,67,1,2.91,clear sky,2021-10-30 14:59:37
608,Puerto Rondon,CO,6.2805,-71.1,78.66,85,96,3.89,overcast clouds,2021-10-30 14:59:38
609,Oksfjord,NO,70.2396,22.3479,38.32,84,100,8.19,overcast clouds,2021-10-30 14:59:38
610,Rocha,UY,-34.4833,-54.3333,72.93,70,100,11.25,overcast clouds,2021-10-30 14:59:38
611,Paea,PF,-17.6833,-149.5833,74.91,73,75,4.61,light rain,2021-10-30 14:59:39
612,Sao Gabriel Da Cachoeira,BR,-0.1303,-67.0892,84.0,79,40,3.44,scattered clouds,2021-10-30 14:59:39
613,Porto Novo,BJ,6.4965,2.6036,87.62,63,100,9.08,overcast clouds,2021-10-30 14:59:39
614,Khalkhal,IR,37.6189,48.5258,45.23,91,98,5.64,overcast clouds,2021-10-30 14:59:40
615,Mareeba,AU,-17.0,145.4333,70.52,95,25,1.7,scattered clouds,2021-10-30 14:59:40
616,Avera,US,33.194,-82.5271,61.72,64,63,13.04,broken clouds,2021-10-30 14:59:41
617,Cheremshan,RU,54.6667,51.5,44.55,91,100,9.66,overcast clouds,2021-10-30 14:59:41
618,Fare,PF,-16.7,-151.0167,77.83,71,2,16.73,light rain,2021-10-30 14:59:41
619,Riyadh,SA,24.6877,46.7219,86.14,29,73,9.98,broken clouds,2021-10-30 14:58:40
620,Bullhead City,US,35.1478,-114.5683,68.27,39,1,0.0,clear sky,2021-10-30 14:59:42
621,Rio Gallegos,AR,-51.6226,-69.2181,53.65,35,0,11.5,clear sky,2021-10-30 14:59:42
622,Naples,IT,40.8333,14.25,69.51,61,75,2.3,broken clouds,2021-10-30 14:59:13
623,Katangli,RU,51.7102,143.2326,32.18,80,100,19.93,light snow,2021-10-30 14:59:43
624,Cobija,BO,-11.0267,-68.7692,86.18,74,20,6.91,few clouds,2021-10-30 14:59:43
625,Meadow Lake,US,34.8014,-106.5436,60.69,30,0,2.19,clear sky,2021-10-30 14:59:43
626,Altay,CN,47.8667,88.1167,37.49,70,95,6.13,overcast clouds,2021-10-30 14:59:44
627,Kindu,CD,-2.95,25.95,79.52,87,100,1.61,light rain,2021-10-30 14:59:44
628,Andijon,UZ,40.7821,72.3442,48.06,37,1,1.9,clear sky,2021-10-30 14:59:44
629,Nicoya,CR,10.1483,-85.452,78.35,88,100,2.57,overcast clouds,2021-10-30 14:59:45
630,Guarapari,BR,-20.6667,-40.4975,73.29,95,100,8.52,overcast clouds,2021-10-30 14:59:21
631,Ous,RU,60.9058,61.5186,19.83,99,79,4.52,broken clouds,2021-10-30 14:59:45
632,Novoorsk,RU,51.381,58.9813,41.65,68,96,17.54,overcast clouds,2021-10-30 14:59:46
633,Berezovyy,RU,51.6667,135.7,27.72,86,95,3.58,overcast clouds,2021-10-30 14:59:46
634,Yumen,CN,40.2833,97.2,42.21,36,5,6.89,clear sky,2021-10-30 14:59:46
635,Port Augusta,AU,-32.5,137.7667,57.34,57,54,6.76,broken clouds,2021-10-30 14:59:47
636,Draguignan,FR,43.5333,6.4667,56.52,91,100,12.66,light intensity drizzle,2021-10-30 14:59:47
637,Norfolk,US,42.1668,-71.2495,59.31,96,90,9.22,mist,2021-10-30 14:56:32
638,Pangnirtung,CA,66.1451,-65.7125,32.0,100,90,2.3,snow,2021-10-30 14:59:47
639,Barra,BR,-11.0894,-43.1417,89.44,35,1,4.12,clear sky,2021-10-30 14:59:48
640,Esmeraldas,BR,-19.7625,-44.3139,82.51,49,87,5.84,overcast clouds,2021-10-30 14:59:48
641,Montepuez,MZ,-13.1256,38.9997,90.61,25,18,4.47,few clouds,2021-10-30 14:59:49
642,Port Macquarie,AU,-31.4333,152.9167,58.89,94,90,12.66,light rain,2021-10-30 14:59:49
643,Tamiahua,MX,21.2667,-97.45,76.35,68,34,3.94,scattered clouds,2021-10-30 14:59:49
644,Kamalpur,IN,24.2,91.8333,70.61,78,0,1.43,clear sky,2021-10-30 14:59:50
645,Taman,RU,45.2117,36.7161,52.12,61,0,18.41,clear sky,2021-10-30 14:59:50
646,Itarema,BR,-2.9248,-39.9167,85.19,59,49,14.58,scattered clouds,2021-10-30 14:59:50
647,Samokov,BG,42.3333,23.55,49.68,81,0,3.2,clear sky,2021-10-30 14:59:51
648,Inhambane,MZ,-23.865,35.3833,75.18,64,40,15.99,scattered clouds,2021-10-30 14:59:51
649,Ixtapa,MX,20.7,-105.2,80.22,86,6,1.01,clear sky,2021-10-30 14:59:52
650,Shingu,JP,33.7333,135.9833,61.21,86,100,4.94,overcast clouds,2021-10-30 14:59:52
651,Tegh,AM,39.5579,46.4772,41.43,87,100,1.12,overcast clouds,2021-10-30 14:59:52
652,Mondeville,FR,49.175,-0.3224,59.74,67,20,11.5,few clouds,2021-10-30 14:59:53
653,Barcelos,PT,41.5388,-8.6151,65.91,79,88,8.12,overcast clouds,2021-10-30 14:59:12
654,Banda Aceh,ID,5.5577,95.3222,79.0,81,100,4.52,overcast clouds,2021-10-30 14:59:53
655,Varkkallai,IN,8.7341,76.7067,78.58,90,100,5.39,light rain,2021-10-30 14:59:53
656,Engels,RU,51.5,46.1167,50.47,68,98,3.0,overcast clouds,2021-10-30 14:59:54
657,Darnah,LY,32.767,22.6367,71.22,68,22,12.5,few clouds,2021-10-30 14:59:54
658,Aksarka,RU,66.5606,67.7975,-0.92,93,50,6.29,scattered clouds,2021-10-30 14:59:55
